{"accuracy": [0.08695652335882187, 0.17391304671764374, 0.260869562625885, 0.1304347813129425, 0.21739129722118378, 0.260869562625885, 0.30434781312942505, 0.3913043439388275, 0.47826087474823, 0.52173912525177, 0.6086956262588501, 0.6086956262588501, 0.695652186870575, 0.5652173757553101, 0.47826087474823, 0.52173912525177, 0.739130437374115, 0.695652186870575, 0.8695651888847351, 0.6086956262588501, 0.695652186870575, 0.6521739363670349, 0.6086956262588501, 0.695652186870575, 0.8695651888847351, 0.739130437374115, 0.782608687877655, 0.8695651888847351, 0.8695651888847351, 0.8695651888847351, 0.9130434989929199, 0.9130434989929199, 0.95652174949646, 0.95652174949646, 0.9130434989929199, 0.9130434989929199, 0.9130434989929199, 1.0, 0.9130434989929199, 0.8695651888847351, 0.8260869383811951, 0.8260869383811951, 0.95652174949646, 0.9130434989929199, 0.95652174949646, 0.95652174949646, 1.0, 1.0, 1.0, 0.95652174949646, 1.0, 1.0, 0.95652174949646, 1.0, 0.9130434989929199, 1.0, 0.95652174949646, 1.0, 1.0, 0.95652174949646, 0.95652174949646, 0.9130434989929199, 0.9130434989929199, 1.0, 1.0, 1.0, 1.0, 1.0, 0.95652174949646, 1.0, 0.95652174949646, 1.0, 0.95652174949646, 1.0, 1.0, 1.0, 1.0, 0.9130434989929199, 1.0, 1.0, 1.0, 1.0, 0.95652174949646, 1.0, 1.0, 0.95652174949646, 1.0, 1.0, 1.0, 1.0, 1.0, 1.0, 0.95652174949646, 1.0, 0.95652174949646, 0.95652174949646, 1.0, 1.0, 0.9130434989929199, 1.0, 1.0, 1.0, 1.0, 1.0, 0.95652174949646, 1.0, 1.0, 1.0, 1.0, 1.0, 1.0, 1.0, 0.95652174949646, 1.0, 1.0, 0.95652174949646, 1.0, 1.0, 1.0, 1.0, 1.0, 0.95652174949646, 1.0, 0.95652174949646, 1.0, 1.0, 1.0, 1.0, 1.0, 1.0, 1.0, 0.95652174949646, 1.0, 0.9130434989929199, 1.0, 1.0, 1.0, 1.0, 1.0, 0.95652174949646, 1.0, 1.0, 1.0, 1.0, 1.0, 0.95652174949646, 1.0, 1.0, 1.0, 1.0, 1.0, 1.0, 1.0, 1.0, 1.0, 1.0, 0.9130434989929199, 1.0, 1.0, 1.0, 1.0, 1.0, 1.0, 1.0, 1.0, 1.0, 1.0, 1.0, 1.0, 1.0, 1.0, 1.0, 1.0, 1.0, 1.0, 1.0, 1.0, 1.0, 1.0, 1.0, 1.0, 1.0, 0.9130434989929199, 1.0, 1.0, 1.0, 1.0, 1.0, 1.0, 1.0, 1.0, 1.0, 0.95652174949646, 1.0, 1.0, 1.0, 0.95652174949646, 1.0, 1.0, 1.0], "loss": [1.8594483137130737, 1.8641042709350586, 1.7566202878952026, 1.7335947751998901, 1.7237797975540161, 1.6882668733596802, 1.7062972784042358, 1.6007754802703857, 1.5748884677886963, 1.5072636604309082, 1.4000747203826904, 1.4174903631210327, 1.2892776727676392, 1.333662986755371, 1.269901156425476, 1.2602686882019043, 1.0789505243301392, 1.0848493576049805, 1.0229681730270386, 1.1816593408584595, 1.0238062143325806, 0.8542677760124207, 0.9525488018989563, 0.8516205549240112, 0.7753050327301025, 0.7733339071273804, 0.7243013978004456, 0.8112793564796448, 0.5482620000839233, 0.6512477993965149, 0.49588868021965027, 0.44739779829978943, 0.3384866416454315, 0.46415072679519653, 0.5628870725631714, 0.39292824268341064, 0.4717056155204773, 0.21889632940292358, 0.3843687176704407, 0.42772728204727173, 0.3780496120452881, 0.49956557154655457, 0.2632449269294739, 0.332111656665802, 0.21970246732234955, 0.2714119255542755, 0.22086821496486664, 0.24562619626522064, 0.19735392928123474, 0.19642052054405212, 0.10658502578735352, 0.10138877481222153, 0.23726075887680054, 0.1550983339548111, 0.2180006057024002, 0.10934978723526001, 0.17434528470039368, 0.12871646881103516, 0.08171167224645615, 0.1569095104932785, 0.1664937287569046, 0.17299218475818634, 0.1789914220571518, 0.12973514199256897, 0.08152918517589569, 0.06736385077238083, 0.11379092931747437, 0.11324393004179001, 0.09826292842626572, 0.08082006871700287, 0.09950094670057297, 0.07793620973825455, 0.1259775161743164, 0.05760441720485687, 0.11543062329292297, 0.07788093388080597, 0.04552825540304184, 0.16044504940509796, 0.04149305447936058, 0.05152378976345062, 0.047034651041030884, 0.02631021849811077, 0.10566797107458115, 0.02659124881029129, 0.08490120619535446, 0.06787319481372833, 0.0767468586564064, 0.05453399941325188, 0.03291144594550133, 0.03934337943792343, 0.021692384034395218, 0.06707718223333359, 0.09494330734014511, 0.06156357377767563, 0.11166758835315704, 0.11206194758415222, 0.04395538195967674, 0.019711961969733238, 0.11011773347854614, 0.058187857270240784, 0.027374843135476112, 0.04434111714363098, 0.021164385601878166, 0.10397347062826157, 0.10319621860980988, 0.06498129665851593, 0.06513097882270813, 0.01521935686469078, 0.039416879415512085, 0.025309693068265915, 0.024999307468533516, 0.037875186651945114, 0.09204383194446564, 0.041331592947244644, 0.08931207656860352, 0.07342028617858887, 0.011773621663451195, 0.0264136902987957, 0.06675522774457932, 0.03825753554701805, 0.046741437166929245, 0.07681696861982346, 0.07669685781002045, 0.11921506375074387, 0.026019681245088577, 0.05883623659610748, 0.009368978440761566, 0.01899075135588646, 0.036570388823747635, 0.01712942123413086, 0.027787892147898674, 0.049187060445547104, 0.05649120733141899, 0.10444477200508118, 0.02354755625128746, 0.044450774788856506, 0.043680381029844284, 0.043572667986154556, 0.042339738458395004, 0.10549327731132507, 0.02031562477350235, 0.038653790950775146, 0.0714019238948822, 0.009728538803756237, 0.0398869551718235, 0.1648799479007721, 0.030684735625982285, 0.05977072939276695, 0.026987288147211075, 0.0464705228805542, 0.019739503040909767, 0.01807579956948757, 0.050317324697971344, 0.019410166889429092, 0.05681934952735901, 0.03612532094120979, 0.18938349187374115, 0.01721945032477379, 0.010896490886807442, 0.022896071895956993, 0.04544240981340408, 0.010652792640030384, 0.03531975299119949, 0.008793862536549568, 0.009769857861101627, 0.04046698659658432, 0.01015875581651926, 0.02840971201658249, 0.007501521613448858, 0.07683877646923065, 0.031249145045876503, 0.0067581371404230595, 0.004353565163910389, 0.016653869301080704, 0.005398365668952465, 0.011054879054427147, 0.06382632255554199, 0.0010007154196500778, 0.013660645112395287, 0.04288550838828087, 0.042180873453617096, 0.013818984851241112, 0.09055878967046738, 0.0076617710292339325, 0.039555128663778305, 0.029181314632296562, 0.03235936164855957, 0.049536172300577164, 0.005964098498225212, 0.030801059678196907, 0.007575270254164934, 0.015665652230381966, 0.06557951122522354, 0.008368760347366333, 0.01142767071723938, 0.0030463668517768383, 0.0712670087814331, 0.01689792051911354, 0.015130492858588696, 0.005713600665330887]}